,fecha_dato,ncodpers,ind_empleado,pais_residencia,sexo,age,fecha_alta,ind_nuevo,antiguedad,indrel,ult_fec_cli_1t,indrel_1mes,tiprel_1mes,indresi,indext,conyuemp,canal_entrada,indfall,tipodom,cod_prov,nomprov,ind_actividad_cliente,renta,segmento,ind_ahor_fin_ult1,ind_aval_fin_ult1,ind_cco_fin_ult1,ind_cder_fin_ult1,ind_cno_fin_ult1,ind_ctju_fin_ult1,ind_ctma_fin_ult1,ind_ctop_fin_ult1,ind_ctpp_fin_ult1,ind_deco_fin_ult1,ind_deme_fin_ult1,ind_dela_fin_ult1,ind_ecue_fin_ult1,ind_fond_fin_ult1,ind_hip_fin_ult1,ind_plan_fin_ult1,ind_pres_fin_ult1,ind_reca_fin_ult1,ind_tjcr_fin_ult1,ind_valo_fin_ult1,ind_viv_fin_ult1,ind_nomina_ult1,ind_nom_pens_ult1,ind_recibo_ult1
0,"""fecha_dato""",,"""ind_empleado""","""pais_residencia""","""sexo""","""age""","""fecha_alta""","""ind_nuevo""","""antiguedad""","""indrel""","""ult_fec_cli_1t""",,"""tiprel_1mes""","""indresi""","""indext""","""conyuemp""","""canal_entrada""","""indfall""","""tipodom""","""cod_prov""","""nomprov""","""ind_actividad_cliente""",,"""segmento""",,,,,,,,,,,,,,,,,,,,,,"""ind_nomina_ult1""","""ind_nom_pens_ult1""",
1,2015-01-28,1375586.0,N,ES,H, 35,2015-01-12, 0,      6, 1,,1.0,A,S,N,,KHL,N, 1,29,"""MALAGA""", 1,87218.1,02 - PARTICULARES,0.0,0.0,1.0,0.0,0.0,0.0,0.0,0.0,0.0,0.0,0.0,0.0,0.0,0.0,0.0,0.0,0.0,0.0,0.0,0.0,0.0, 0, 0,0.0
2,2015-01-28,1050611.0,N,ES,V, 23,2012-08-10, 0,     35, 1,,1.0,I,S,S,,KHE,N, 1,13,"""CIUDAD REAL""", 0,35548.74,03 - UNIVERSITARIO,0.0,0.0,1.0,0.0,0.0,0.0,0.0,0.0,0.0,0.0,0.0,0.0,0.0,0.0,0.0,0.0,0.0,0.0,0.0,0.0,0.0, 0, 0,0.0
3,2015-01-28,1050612.0,N,ES,V, 23,2012-08-10, 0,     35, 1,,1.0,I,S,N,,KHE,N, 1,13,"""CIUDAD REAL""", 0,122179.11000000002,03 - UNIVERSITARIO,0.0,0.0,1.0,0.0,0.0,0.0,0.0,0.0,0.0,0.0,0.0,0.0,0.0,0.0,0.0,0.0,0.0,0.0,0.0,0.0,0.0, 0, 0,0.0
4,2015-01-28,1050613.0,N,ES,H, 22,2012-08-10, 0,     35, 1,,1.0,I,S,N,,KHD,N, 1,50,"""ZARAGOZA""", 0,119775.54,03 - UNIVERSITARIO,0.0,0.0,0.0,0.0,0.0,0.0,0.0,0.0,0.0,1.0,0.0,0.0,0.0,0.0,0.0,0.0,0.0,0.0,0.0,0.0,0.0, 0, 0,0.0
5,2015-01-28,1050614.0,N,ES,V, 23,2012-08-10, 0,     35, 1,,1.0,A,S,N,,KHE,N, 1,50,"""ZARAGOZA""", 1,,03 - UNIVERSITARIO,0.0,0.0,1.0,0.0,0.0,0.0,0.0,0.0,0.0,0.0,0.0,0.0,0.0,0.0,0.0,0.0,0.0,0.0,0.0,0.0,0.0, 0, 0,0.0
6,2015-01-28,1050615.0,N,ES,H, 23,2012-08-10, 0,     35, 1,,1.0,I,S,N,,KHE,N, 1,45,"""TOLEDO""", 0,22220.04,03 - UNIVERSITARIO,0.0,0.0,1.0,0.0,0.0,0.0,0.0,0.0,0.0,0.0,0.0,0.0,0.0,0.0,0.0,0.0,0.0,0.0,0.0,0.0,0.0, 0, 0,0.0
7,2015-01-28,1050616.0,N,ES,H, 23,2012-08-10, 0,     35, 1,,1.0,I,S,N,,KHE,N, 1,24,"""LEON""", 0,295590.36,03 - UNIVERSITARIO,0.0,0.0,1.0,0.0,0.0,0.0,0.0,0.0,0.0,0.0,0.0,0.0,0.0,0.0,0.0,0.0,0.0,0.0,0.0,0.0,0.0, 0, 0,0.0
8,2015-01-28,1050617.0,N,ES,H, 23,2012-08-10, 0,     35, 1,,1.0,A,S,N,,KHE,N, 1,50,"""ZARAGOZA""", 1,113316.66,03 - UNIVERSITARIO,0.0,0.0,1.0,0.0,0.0,0.0,0.0,0.0,0.0,0.0,0.0,0.0,0.0,0.0,0.0,0.0,0.0,0.0,0.0,0.0,0.0, 0, 0,0.0
9,2015-01-28,1050619.0,N,ES,H, 24,2012-08-10, 0,     35, 1,,1.0,I,S,N,,KHE,N, 1,20,"""GIPUZKOA""", 0,,03 - UNIVERSITARIO,0.0,0.0,1.0,0.0,0.0,0.0,0.0,0.0,0.0,0.0,0.0,0.0,0.0,0.0,0.0,0.0,0.0,0.0,0.0,0.0,0.0, 0, 0,0.0
10,2015-01-28,1050620.0,N,ES,H, 23,2012-08-10, 0,     35, 1,,1.0,I,S,N,,KHE,N, 1,10,"""CACERES""", 0,113194.98,03 - UNIVERSITARIO,0.0,0.0,1.0,0.0,0.0,0.0,0.0,0.0,0.0,0.0,0.0,0.0,0.0,0.0,0.0,0.0,0.0,0.0,0.0,0.0,0.0, 0, 0,0.0
11,2015-01-28,1050621.0,N,ES,V, 23,2012-08-10, 0,     35, 1,,1.0,I,S,N,,KHE,N, 1,50,"""ZARAGOZA""", 0,72575.88,03 - UNIVERSITARIO,0.0,0.0,1.0,0.0,0.0,0.0,0.0,0.0,0.0,0.0,0.0,0.0,0.0,0.0,0.0,0.0,0.0,0.0,0.0,0.0,0.0, 0, 0,0.0
12,2015-01-28,1050622.0,N,ES,H, 23,2012-08-10, 0,     35, 1,,1.0,I,S,N,,KHE,N, 1,17,"""GIRONA""", 0,,03 - UNIVERSITARIO,0.0,0.0,1.0,0.0,0.0,0.0,0.0,0.0,0.0,0.0,0.0,0.0,0.0,0.0,0.0,0.0,0.0,0.0,0.0,0.0,0.0, 0, 0,0.0
13,2015-01-28,1050623.0,N,ES,H, 23,2012-08-10, 0,     35, 1,,1.0,A,S,N,,KHE,N, 1,49,"""ZAMORA""", 1,113538.81,03 - UNIVERSITARIO,0.0,0.0,1.0,0.0,0.0,0.0,0.0,0.0,0.0,0.0,0.0,0.0,0.0,0.0,0.0,0.0,0.0,0.0,0.0,0.0,0.0, 0, 0,0.0
14,2015-01-28,1050624.0,N,ES,H, 65,2012-08-10, 0,     35, 1,,1.0,A,S,N,,KHE,N, 1,50,"""ZARAGOZA""", 1,61605.09,02 - PARTICULARES,0.0,0.0,1.0,0.0,0.0,0.0,0.0,0.0,0.0,0.0,0.0,0.0,0.0,0.0,0.0,0.0,0.0,0.0,0.0,0.0,0.0, 0, 0,0.0
15,2015-01-28,1050625.0,N,ES,V, 23,2012-08-10, 0,     35, 1,,1.0,A,S,N,,KHE,N, 1,49,"""ZAMORA""", 1,,03 - UNIVERSITARIO,0.0,0.0,1.0,0.0,0.0,0.0,0.0,0.0,0.0,0.0,0.0,0.0,0.0,0.0,0.0,0.0,0.0,0.0,0.0,0.0,0.0, 0, 0,0.0
16,2015-01-28,1050626.0,N,ES,V, 23,2012-08-10, 0,     35, 1,,1.0,A,S,N,,KHE,N, 1, 8,"""BARCELONA""", 1,,03 - UNIVERSITARIO,0.0,0.0,1.0,0.0,0.0,0.0,0.0,0.0,0.0,0.0,0.0,0.0,0.0,0.0,0.0,0.0,0.0,0.0,0.0,0.0,0.0, 0, 0,0.0
17,2015-01-28,1050610.0,N,ES,V, 24,2012-08-10, 0,     35, 1,,1.0,I,S,N,,KHE,N, 1,37,"""SALAMANCA""", 1,68318.45999999999,03 - UNIVERSITARIO,0.0,0.0,1.0,0.0,0.0,0.0,0.0,0.0,0.0,0.0,0.0,0.0,0.0,0.0,0.0,0.0,0.0,0.0,0.0,0.0,0.0, 0, 0,0.0
18,2015-01-28,1050627.0,N,ES,H, 23,2012-08-10, 0,     35, 1,,1.0,I,S,N,,KHE,N, 1,13,"""CIUDAD REAL""", 0,65608.35,03 - UNIVERSITARIO,0.0,0.0,1.0,0.0,0.0,0.0,0.0,0.0,0.0,0.0,0.0,0.0,0.0,0.0,0.0,0.0,0.0,0.0,0.0,0.0,0.0, 0, 0,0.0
19,2015-01-28,1050609.0,N,ES,H, 22,2012-08-10, 0,     35, 1,,1.0,I,S,N,,KFA,N, 1,13,"""CIUDAD REAL""", 1,73432.47,03 - UNIVERSITARIO,0.0,0.0,1.0,0.0,0.0,0.0,0.0,0.0,0.0,0.0,0.0,0.0,0.0,0.0,0.0,0.0,0.0,0.0,0.0,0.0,0.0, 0, 0,0.0
20,2015-01-28,1050605.0,N,ES,V, 23,2012-08-10, 0,     35, 1,,1.0,I,S,N,,KHE,N, 1,45,"""TOLEDO""", 0,,03 - UNIVERSITARIO,0.0,0.0,1.0,0.0,0.0,0.0,0.0,0.0,0.0,0.0,0.0,0.0,0.0,0.0,0.0,0.0,0.0,0.0,0.0,0.0,0.0, 0, 0,0.0
21,2015-01-28,1050582.0,N,ES,V, 28,2012-08-10, 0,     35, 1,,1.0,I,S,N,,KHE,N, 1,13,"""CIUDAD REAL""", 1,64620.56999999999,03 - UNIVERSITARIO,0.0,0.0,1.0,0.0,0.0,0.0,0.0,0.0,0.0,0.0,0.0,0.0,0.0,0.0,0.0,0.0,0.0,0.0,0.0,0.0,0.0, 0, 0,0.0
22,2015-01-28,1050586.0,N,ES,V, 23,2012-08-10, 0,     35, 1,,1.0,A,S,N,,KHE,N, 1,13,"""CIUDAD REAL""", 1,64194.99000000001,03 - UNIVERSITARIO,0.0,0.0,1.0,0.0,0.0,0.0,0.0,0.0,0.0,0.0,0.0,0.0,0.0,0.0,0.0,0.0,0.0,0.0,0.0,0.0,0.0, 0, 0,1.0
23,2015-01-28,1050588.0,N,ES,H, 22,2012-08-10, 0,     35, 1,,1.0,I,S,N,,KHE,N, 1, 9,"""BURGOS""", 1,,03 - UNIVERSITARIO,0.0,0.0,1.0,0.0,0.0,0.0,0.0,0.0,0.0,0.0,0.0,0.0,0.0,0.0,0.0,0.0,0.0,0.0,0.0,0.0,0.0, 0, 0,0.0
24,2015-01-28,1050589.0,N,ES,V, 23,2012-08-10, 0,     35, 1,,1.0,I,S,N,,KHE,N, 1,22,"""HUESCA""", 0,119173.88999999998,03 - UNIVERSITARIO,0.0,0.0,1.0,0.0,0.0,0.0,0.0,0.0,0.0,0.0,0.0,0.0,0.0,0.0,0.0,0.0,0.0,0.0,0.0,0.0,0.0, 0, 0,0.0
25,2015-01-28,1050591.0,N,ES,H, 23,2012-08-10, 0,     35, 1,,1.0,A,S,N,,KHE,N, 1,13,"""CIUDAD REAL""", 1,58728.39,03 - UNIVERSITARIO,0.0,0.0,1.0,0.0,0.0,0.0,0.0,0.0,0.0,0.0,0.0,0.0,0.0,0.0,0.0,0.0,0.0,0.0,0.0,0.0,0.0, 0, 0,0.0
26,2015-01-28,1050592.0,N,ES,H, 22,2012-08-10, 0,     35, 1,,1.0,I,S,N,,KHD,N, 1,31,"""NAVARRA""", 0,,03 - UNIVERSITARIO,0.0,0.0,1.0,0.0,0.0,0.0,0.0,0.0,0.0,0.0,0.0,0.0,0.0,0.0,0.0,0.0,0.0,0.0,0.0,0.0,0.0, 0, 0,0.0
27,2015-01-28,1050595.0,N,ES,V, 25,2012-08-10, 0,     35, 1,,1.0,A,S,N,,KHE,N, 1, 5,"""AVILA""", 1,86863.38,03 - UNIVERSITARIO,0.0,0.0,1.0,0.0,0.0,0.0,0.0,0.0,0.0,0.0,0.0,0.0,0.0,0.0,0.0,0.0,0.0,0.0,0.0,0.0,0.0, 0, 0,0.0
28,2015-01-28,1050596.0,N,ES,H, 25,2012-08-10, 0,     35, 1,,1.0,A,S,S,,KHE,N, 1,50,"""ZARAGOZA""", 1,68421.36,03 - UNIVERSITARIO,0.0,0.0,1.0,0.0,0.0,0.0,0.0,0.0,0.0,0.0,0.0,0.0,0.0,0.0,0.0,0.0,0.0,0.0,0.0,0.0,0.0, 0, 0,0.0
29,2015-01-28,1050597.0,N,ES,H, 23,2012-08-10, 0,     35, 1,,1.0,A,S,N,,KHE,N, 1,45,"""TOLEDO""", 0,,03 - UNIVERSITARIO,0.0,0.0,1.0,0.0,0.0,0.0,0.0,0.0,0.0,0.0,0.0,0.0,0.0,0.0,0.0,0.0,0.0,0.0,0.0,0.0,0.0, 0, 0,0.0
30,2015-01-28,1050598.0,N,ES,H, 23,2012-08-10, 0,     35, 1,,1.0,A,S,N,,KHE,N, 1,45,"""TOLEDO""", 1,90408.75,03 - UNIVERSITARIO,0.0,0.0,1.0,0.0,0.0,0.0,0.0,0.0,0.0,0.0,0.0,0.0,0.0,0.0,0.0,0.0,0.0,0.0,0.0,0.0,0.0, 0, 0,0.0
31,2015-01-28,1050599.0,N,ES,V, 24,2012-08-10, 0,     35, 1,,1.0,I,S,N,,KHE,N, 1,49,"""ZAMORA""", 0,74780.37,03 - UNIVERSITARIO,0.0,0.0,1.0,0.0,0.0,0.0,0.0,0.0,0.0,0.0,0.0,0.0,0.0,0.0,0.0,0.0,0.0,0.0,0.0,0.0,0.0, 0, 0,0.0
32,2015-01-28,1050601.0,N,ES,V, 26,2012-08-10, 0,     35, 1,,1.0,I,S,N,,KHE,N, 1,45,"""TOLEDO""", 0,120146.49,03 - UNIVERSITARIO,0.0,0.0,1.0,0.0,0.0,0.0,0.0,0.0,0.0,0.0,0.0,0.0,0.0,0.0,0.0,0.0,0.0,0.0,0.0,0.0,0.0, 0, 0,0.0
33,2015-01-28,1050602.0,N,ES,V, 23,2012-08-10, 0,     35, 1,,1.0,A,S,N,,KHE,N, 1,37,"""SALAMANCA""", 1,91282.71,03 - UNIVERSITARIO,0.0,0.0,1.0,0.0,0.0,0.0,0.0,0.0,0.0,0.0,0.0,0.0,0.0,0.0,0.0,0.0,0.0,0.0,0.0,0.0,0.0, 0, 0,0.0
34,2015-01-28,1050603.0,N,ES,H, 23,2012-08-10, 0,     35, 1,,1.0,I,S,N,,KHE,N, 1,50,"""ZARAGOZA""", 1,131351.94,03 - UNIVERSITARIO,0.0,0.0,1.0,0.0,0.0,0.0,0.0,0.0,0.0,0.0,0.0,0.0,0.0,0.0,0.0,0.0,0.0,0.0,0.0,0.0,0.0, 0, 0,0.0
35,2015-01-28,1050604.0,N,ES,H, 53,2012-08-10, 0,     35, 1,,1.0,A,S,N,,KHE,N, 1,37,"""SALAMANCA""", 0,113279.1,02 - PARTICULARES,0.0,0.0,1.0,0.0,0.0,0.0,0.0,0.0,0.0,0.0,0.0,0.0,0.0,0.0,0.0,0.0,0.0,0.0,0.0,0.0,0.0, 0, 0,0.0
36,2015-01-28,1050607.0,N,ES,V, 27,2012-08-10, 0,     35, 1,,1.0,I,S,N,,KHE,N, 1,40,"""SEGOVIA""", 0,70777.59,03 - UNIVERSITARIO,0.0,0.0,1.0,0.0,0.0,0.0,0.0,0.0,0.0,0.0,0.0,0.0,0.0,0.0,0.0,0.0,0.0,0.0,0.0,0.0,0.0, 0, 0,0.0
37,2015-01-28,1050580.0,N,ES,H, 23,2012-08-10, 0,     35, 1,,1.0,A,S,N,,KHE,N, 1,27,"""LUGO""", 1,77320.92,03 - UNIVERSITARIO,0.0,0.0,1.0,0.0,0.0,0.0,0.0,0.0,0.0,0.0,0.0,0.0,0.0,0.0,0.0,0.0,0.0,0.0,0.0,0.0,0.0, 0, 0,0.0
38,2015-01-28,1050628.0,N,ES,V, 22,2012-08-10, 0,     35, 1,,1.0,I,S,N,,KHE,N, 1,25,"""LERIDA""", 0,,03 - UNIVERSITARIO,0.0,0.0,1.0,0.0,0.0,0.0,0.0,0.0,0.0,0.0,0.0,0.0,0.0,0.0,0.0,0.0,0.0,0.0,0.0,0.0,0.0, 0, 0,0.0
39,2015-01-28,1050630.0,N,ES,V, 22,2012-08-10, 0,     35, 1,,1.0,I,S,S,,KHD,N, 1, 8,"""BARCELONA""", 0,64398.06,03 - UNIVERSITARIO,0.0,0.0,1.0,0.0,0.0,0.0,0.0,0.0,0.0,0.0,0.0,0.0,0.0,0.0,0.0,0.0,0.0,0.0,0.0,0.0,0.0, 0, 0,0.0
40,2015-01-28,1050669.0,N,ES,V, 32,2012-08-10, 0,     35, 1,,1.0,A,S,N,,KFC,N, 1,29,"""MALAGA""", 1,171398.84999999998,02 - PARTICULARES,0.0,0.0,1.0,0.0,0.0,0.0,0.0,0.0,0.0,0.0,0.0,0.0,0.0,0.0,0.0,0.0,0.0,0.0,0.0,0.0,0.0, 0, 0,0.0
41,2015-01-28,1050670.0,N,ES,V, 37,2012-08-10, 0,     35, 1,,1.0,A,S,N,,KFC,N, 1,37,"""SALAMANCA""", 1,64031.25,02 - PARTICULARES,0.0,0.0,1.0,0.0,0.0,0.0,0.0,0.0,0.0,0.0,0.0,0.0,0.0,0.0,0.0,0.0,0.0,0.0,0.0,0.0,0.0, 0, 0,1.0
42,2015-01-28,1050676.0,N,ES,V, 31,2012-08-10, 0,     35, 1,,1.0,A,S,N,,KFC,N, 1,45,"""TOLEDO""", 0,90431.85,02 - PARTICULARES,0.0,0.0,1.0,0.0,0.0,0.0,0.0,0.0,0.0,0.0,0.0,0.0,1.0,0.0,0.0,0.0,0.0,0.0,0.0,0.0,0.0, 0, 0,0.0
43,2015-01-28,1050679.0,N,ES,V, 39,2012-08-10, 0,     35, 1,,1.0,A,S,N,,KFC,N, 1,28,"""MADRID""", 1,157191.69,02 - PARTICULARES,0.0,0.0,1.0,0.0,0.0,0.0,0.0,0.0,0.0,0.0,0.0,0.0,0.0,0.0,0.0,0.0,0.0,0.0,0.0,0.0,0.0, 0, 0,0.0
44,2015-01-28,1050680.0,N,ES,V, 53,2012-08-10, 0,     35, 1,,1.0,A,S,N,,KFC,N, 1, 8,"""BARCELONA""", 0,133092.33000000002,02 - PARTICULARES,0.0,0.0,0.0,0.0,0.0,0.0,0.0,0.0,0.0,0.0,0.0,0.0,0.0,0.0,0.0,0.0,0.0,0.0,0.0,0.0,0.0, 0, 0,0.0
45,2015-01-28,1050686.0,N,ES,V, 39,2012-08-10, 0,     35, 1,,1.0,A,S,N,,KFC,N, 1,10,"""CACERES""", 1,37075.26,02 - PARTICULARES,0.0,0.0,1.0,0.0,0.0,0.0,0.0,0.0,0.0,0.0,0.0,0.0,1.0,0.0,0.0,0.0,0.0,0.0,0.0,0.0,0.0, 0, 0,1.0
46,2015-01-28,1050688.0,N,ES,V, 63,2012-08-10, 0,     35, 1,,1.0,A,S,N,,KFC,N, 1,28,"""MADRID""", 1,245052.27,02 - PARTICULARES,0.0,0.0,1.0,0.0,0.0,0.0,0.0,0.0,0.0,0.0,0.0,0.0,1.0,0.0,0.0,0.0,0.0,0.0,0.0,0.0,0.0, 0, 0,0.0
47,2015-01-28,1050693.0,N,ES,V, 37,2012-08-10, 0,     35, 1,,1.0,A,S,N,,KFC,N, 1, 8,"""BARCELONA""", 0,104035.08,02 - PARTICULARES,0.0,0.0,0.0,0.0,0.0,0.0,0.0,0.0,0.0,0.0,0.0,0.0,0.0,0.0,0.0,0.0,0.0,0.0,0.0,0.0,0.0, 0, 0,0.0
48,2015-01-28,1050694.0,N,ES,V, 31,2012-08-10, 0,     35, 1,,1.0,A,S,N,,KFC,N, 1,28,"""MADRID""", 1,57155.34,03 - UNIVERSITARIO,0.0,0.0,1.0,0.0,0.0,0.0,0.0,0.0,0.0,0.0,0.0,0.0,1.0,0.0,0.0,0.0,0.0,0.0,0.0,0.0,0.0, 0, 0,1.0
49,2015-01-28,1050697.0,N,ES,H, 33,2012-08-10, 0,     35, 1,,1.0,A,S,N,,KFC,N, 1,28,"""MADRID""", 1,,02 - PARTICULARES,0.0,0.0,1.0,0.0,0.0,0.0,0.0,0.0,0.0,0.0,0.0,0.0,0.0,0.0,0.0,0.0,0.0,0.0,0.0,0.0,0.0, 0, 0,0.0
50,2015-01-28,1050703.0,N,ES,V, 23,2012-08-10, 0,     35, 1,,1.0,I,S,N,,KHE,N, 1,22,"""HUESCA""", 0,53631.36,03 - UNIVERSITARIO,0.0,0.0,1.0,0.0,0.0,0.0,0.0,0.0,0.0,0.0,0.0,0.0,0.0,0.0,0.0,0.0,0.0,0.0,0.0,0.0,0.0, 0, 0,0.0
51,2015-01-28,1050704.0,N,ES,V, 23,2012-08-10, 0,     35, 1,,1.0,I,S,N,,KHE,N, 1, 8,"""BARCELONA""", 0,72880.79999999999,03 - UNIVERSITARIO,0.0,0.0,1.0,0.0,0.0,0.0,0.0,0.0,0.0,0.0,0.0,0.0,0.0,0.0,0.0,0.0,0.0,0.0,0.0,0.0,0.0, 0, 0,0.0
52,2015-01-28,1050706.0,N,ES,H, 33,2012-08-10, 0,     35, 1,,1.0,I,S,N,,KHE,N, 1,37,"""SALAMANCA""", 1,84061.95000000001,03 - UNIVERSITARIO,0.0,0.0,1.0,0.0,0.0,0.0,0.0,0.0,0.0,0.0,0.0,0.0,0.0,0.0,0.0,0.0,0.0,0.0,0.0,0.0,0.0, 0, 0,0.0
53,2015-01-28,1050707.0,N,ES,V, 23,2012-08-10, 0,     35, 1,,1.0,I,S,N,,KHE,N, 1, 3,"""ALICANTE""", 0,106686.96,03 - UNIVERSITARIO,0.0,0.0,1.0,0.0,0.0,0.0,0.0,0.0,0.0,0.0,0.0,0.0,0.0,0.0,0.0,0.0,0.0,0.0,0.0,0.0,0.0, 0, 0,0.0
54,2015-01-28,1050710.0,N,ES,H, 23,2012-08-10, 0,     35, 1,,1.0,I,S,N,,KHE,N, 1, 3,"""ALICANTE""", 0,132398.40000000002,03 - UNIVERSITARIO,0.0,0.0,1.0,0.0,0.0,0.0,0.0,0.0,0.0,0.0,0.0,0.0,0.0,0.0,0.0,0.0,0.0,0.0,0.0,0.0,0.0, 0, 0,0.0
55,2015-01-28,1050663.0,N,ES,H, 23,2012-08-10, 0,     35, 1,,1.0,A,S,N,,KFC,N, 1,42,"""SORIA""", 1,148080.45,03 - UNIVERSITARIO,0.0,0.0,1.0,0.0,0.0,0.0,0.0,0.0,0.0,0.0,0.0,0.0,0.0,0.0,0.0,0.0,0.0,0.0,0.0,0.0,0.0, 0, 0,0.0
56,2015-01-28,1050629.0,N,ES,V, 55,2012-08-10, 0,     35, 1,,1.0,I,S,N,,KHE,N, 1,50,"""ZARAGOZA""", 0,101919.09,02 - PARTICULARES,0.0,0.0,1.0,0.0,0.0,0.0,0.0,0.0,0.0,0.0,0.0,0.0,0.0,0.0,0.0,0.0,0.0,0.0,0.0,0.0,0.0, 0, 0,0.0
57,2015-01-28,1050662.0,N,ES,V, 37,2012-08-10, 0,     35, 1,,1.0,A,S,N,,KAT,N, 1,28,"""MADRID""", 1,122456.91,02 - PARTICULARES,0.0,0.0,1.0,0.0,0.0,0.0,0.0,0.0,0.0,0.0,0.0,0.0,1.0,0.0,0.0,0.0,0.0,0.0,0.0,1.0,0.0, 0, 0,0.0
58,2015-01-28,1050660.0,N,ES,H, 32,2012-08-10, 0,     35, 1,,1.0,A,S,N,,KFC,N, 1,41,"""SEVILLA""", 1,94683.27,03 - UNIVERSITARIO,0.0,0.0,0.0,0.0,1.0,0.0,0.0,0.0,0.0,0.0,0.0,0.0,1.0,0.0,0.0,0.0,0.0,0.0,0.0,0.0,0.0, 0, 0,1.0
59,2015-01-28,1050632.0,N,ES,H, 23,2012-08-10, 0,     35, 1,,1.0,I,S,N,,KHE,N, 1, 8,"""BARCELONA""", 0,289211.4,03 - UNIVERSITARIO,0.0,0.0,1.0,0.0,0.0,0.0,0.0,0.0,0.0,0.0,0.0,0.0,0.0,0.0,0.0,0.0,0.0,0.0,0.0,0.0,0.0, 0, 0,0.0
60,2015-01-28,1050633.0,N,ES,V, 23,2012-08-10, 0,     35, 1,,1.0,A,S,N,,KHE,N, 1,45,"""TOLEDO""", 1,34406.58,03 - UNIVERSITARIO,0.0,0.0,1.0,0.0,0.0,0.0,0.0,0.0,0.0,0.0,0.0,0.0,0.0,0.0,0.0,0.0,0.0,0.0,0.0,0.0,0.0, 0, 0,0.0
61,2015-01-28,1050634.0,N,ES,H, 55,2012-08-10, 0,     35, 1,,1.0,I,S,N,,KHE,N, 1,50,"""ZARAGOZA""", 0,101919.09,02 - PARTICULARES,0.0,0.0,1.0,0.0,0.0,0.0,0.0,0.0,0.0,0.0,0.0,0.0,0.0,0.0,0.0,0.0,0.0,0.0,0.0,0.0,0.0, 0, 0,0.0
62,2015-01-28,1050635.0,N,ES,V, 23,2012-08-10, 0,     35, 1,,1.0,A,S,N,,KHE,N, 1,37,"""SALAMANCA""", 1,77346.51,03 - UNIVERSITARIO,0.0,0.0,1.0,0.0,0.0,0.0,0.0,0.0,0.0,0.0,0.0,0.0,0.0,0.0,0.0,0.0,0.0,0.0,0.0,0.0,0.0, 0, 0,0.0
63,2015-01-28,1050636.0,N,ES,H, 23,2012-08-10, 0,     35, 1,,1.0,A,S,N,,KHE,N, 1,39,"""CANTABRIA""", 1,136930.23,03 - UNIVERSITARIO,0.0,0.0,1.0,0.0,0.0,0.0,0.0,0.0,0.0,0.0,0.0,0.0,0.0,0.0,0.0,0.0,0.0,0.0,0.0,0.0,0.0, 0, 0,1.0
64,2015-01-28,1050639.0,N,ES,V, 23,2012-08-10, 0,     35, 1,,1.0,A,S,N,,KHE,N, 1,50,"""ZARAGOZA""", 1,148677.18,03 - UNIVERSITARIO,0.0,0.0,1.0,0.0,0.0,0.0,0.0,0.0,0.0,0.0,0.0,0.0,0.0,0.0,0.0,0.0,0.0,0.0,0.0,0.0,0.0, 0, 0,0.0
65,2015-01-28,1050641.0,N,ES,V, 42,2012-08-10, 0,     35, 1,,1.0,A,S,N,,KFC,N, 1,28,"""MADRID""", 1,45345.18,02 - PARTICULARES,0.0,0.0,1.0,0.0,0.0,0.0,0.0,0.0,0.0,0.0,0.0,0.0,0.0,0.0,0.0,0.0,0.0,0.0,0.0,0.0,0.0, 0, 0,0.0
66,2015-01-28,1050642.0,N,ES,V, 58,2012-08-10, 0,     35, 1,,1.0,I,S,N,,KFC,N, 1,29,"""MALAGA""", 0,,02 - PARTICULARES,0.0,0.0,0.0,0.0,0.0,0.0,0.0,0.0,0.0,0.0,0.0,0.0,1.0,0.0,0.0,0.0,0.0,0.0,0.0,0.0,0.0, 0, 0,0.0
67,2015-01-28,1050647.0,N,ES,H, 38,2012-08-10, 0,     35, 1,,1.0,A,S,N,,KAT,N, 1, 3,"""ALICANTE""", 1,28359.36,02 - PARTICULARES,0.0,0.0,1.0,0.0,0.0,0.0,0.0,0.0,0.0,0.0,0.0,0.0,0.0,0.0,0.0,0.0,0.0,0.0,0.0,0.0,0.0, 0, 0,0.0
68,2015-01-28,1050648.0,N,ES,V, 50,2012-08-10, 0,     35, 1,,1.0,A,S,N,,KAT,N, 1,28,"""MADRID""", 1,137894.63999999998,02 - PARTICULARES,0.0,0.0,1.0,0.0,0.0,0.0,0.0,0.0,0.0,0.0,0.0,0.0,0.0,0.0,0.0,0.0,0.0,0.0,0.0,0.0,0.0, 0, 0,0.0
69,2015-01-28,1050652.0,N,ES,H, 31,2012-08-10, 0,     35, 1,,1.0,A,S,N,,KFC,N, 1,47,"""VALLADOLID""", 1,149099.88,03 - UNIVERSITARIO,0.0,0.0,0.0,0.0,1.0,0.0,0.0,0.0,0.0,0.0,0.0,0.0,1.0,0.0,0.0,0.0,0.0,0.0,0.0,1.0,0.0, 0, 0,1.0
70,2015-01-28,1050655.0,N,ES,H, 45,2012-08-10, 0,     35, 1,,1.0,A,S,N,,KFC,N, 1,36,"""PONTEVEDRA""", 1,95302.5,02 - PARTICULARES,0.0,0.0,1.0,0.0,0.0,0.0,0.0,0.0,0.0,0.0,0.0,0.0,0.0,0.0,0.0,0.0,0.0,0.0,0.0,0.0,0.0, 0, 0,0.0
71,2015-01-28,1050658.0,N,ES,H, 44,2012-08-10, 0,     35, 1,,1.0,I,S,N,,KAT,N, 1,28,"""MADRID""", 0,110245.53,02 - PARTICULARES,0.0,0.0,0.0,0.0,0.0,0.0,0.0,0.0,0.0,0.0,0.0,0.0,1.0,0.0,0.0,0.0,0.0,0.0,0.0,0.0,0.0, 0, 0,0.0
72,2015-01-28,1050661.0,N,ES,V, 37,2012-08-10, 0,     35, 1,,1.0,A,S,N,,KFC,N, 1,46,"""VALENCIA""", 1,60072.81,02 - PARTICULARES,0.0,0.0,1.0,0.0,0.0,0.0,0.0,0.0,0.0,0.0,0.0,0.0,1.0,0.0,0.0,0.0,0.0,0.0,0.0,0.0,0.0, 0, 0,0.0
73,2015-01-28,1050711.0,N,ES,V, 23,2012-08-10, 0,     35, 1,,1.0,I,S,N,,KHE,N, 1,49,"""ZAMORA""", 0,,03 - UNIVERSITARIO,0.0,0.0,1.0,0.0,0.0,0.0,0.0,0.0,0.0,0.0,0.0,0.0,0.0,0.0,0.0,0.0,0.0,0.0,0.0,0.0,0.0, 0, 0,0.0
74,2015-01-28,1050579.0,N,ES,H, 27,2012-08-10, 0,     35, 1,,1.0,I,S,N,,KHD,N, 1,44,"""TERUEL""", 0,34802.01,03 - UNIVERSITARIO,0.0,0.0,1.0,0.0,0.0,0.0,0.0,0.0,0.0,0.0,0.0,0.0,0.0,0.0,0.0,0.0,0.0,0.0,0.0,0.0,0.0, 0, 0,0.0
75,2015-01-28,1050577.0,N,ES,H, 23,2012-08-10, 0,     35, 1,,1.0,A,S,N,,KHE,N, 1,22,"""HUESCA""", 1,79998.72,03 - UNIVERSITARIO,0.0,0.0,1.0,0.0,0.0,0.0,0.0,0.0,0.0,0.0,0.0,0.0,0.0,0.0,0.0,0.0,0.0,0.0,0.0,0.0,0.0, 0, 0,0.0
76,2015-01-28,1050507.0,N,ES,V, 27,2012-08-10, 0,     35, 1,,1.0,A,S,N,,KHE,N, 1,46,"""VALENCIA""", 1,55331.31,03 - UNIVERSITARIO,0.0,0.0,1.0,0.0,0.0,0.0,0.0,0.0,0.0,0.0,0.0,0.0,0.0,0.0,0.0,0.0,0.0,0.0,0.0,0.0,0.0, 0, 0,0.0
77,2015-01-28,1050508.0,N,ES,H, 27,2012-08-10, 0,     35, 1,,1.0,A,S,S,,KHE,N, 1, 8,"""BARCELONA""", 1,173223.78,03 - UNIVERSITARIO,0.0,0.0,1.0,0.0,0.0,0.0,0.0,0.0,0.0,0.0,0.0,0.0,0.0,0.0,0.0,0.0,0.0,0.0,0.0,0.0,0.0, 0, 0,0.0
78,2015-01-28,1050509.0,N,ES,H, 23,2012-08-10, 0,     35, 1,,1.0,I,S,N,,KHE,N, 1,50,"""ZARAGOZA""", 0,47332.86,03 - UNIVERSITARIO,0.0,0.0,1.0,0.0,0.0,0.0,0.0,0.0,0.0,0.0,0.0,0.0,0.0,0.0,0.0,0.0,0.0,0.0,0.0,0.0,0.0, 0, 0,0.0
79,2015-01-28,1050512.0,N,ES,H, 31,2012-08-10, 0,     35, 1,,1.0,I,S,N,,KHE,N, 1,45,"""TOLEDO""", 0,107634.66,03 - UNIVERSITARIO,0.0,0.0,1.0,0.0,0.0,0.0,0.0,0.0,0.0,0.0,0.0,0.0,0.0,0.0,0.0,0.0,0.0,0.0,0.0,0.0,0.0, 0, 0,0.0
80,2015-01-28,1050513.0,N,ES,V, 23,2012-08-10, 0,     35, 1,,1.0,I,S,N,,KHE,N, 1,46,"""VALENCIA""", 0,55561.62,03 - UNIVERSITARIO,0.0,0.0,1.0,0.0,0.0,0.0,0.0,0.0,0.0,0.0,0.0,0.0,0.0,0.0,0.0,0.0,0.0,0.0,0.0,0.0,0.0, 0, 0,0.0
81,2015-01-28,1050514.0,N,ES,H, 28,2012-08-10, 0,     35, 1,,1.0,I,S,S,,KHE,N, 1, 8,"""BARCELONA""", 0,215373.3,03 - UNIVERSITARIO,0.0,0.0,1.0,0.0,0.0,0.0,0.0,0.0,0.0,0.0,0.0,0.0,0.0,0.0,0.0,0.0,0.0,0.0,0.0,0.0,0.0, 0, 0,0.0
82,2015-01-28,1050515.0,N,ES,H, 23,2012-08-10, 0,     35, 1,,1.0,I,S,N,,KHE,N, 1,10,"""CACERES""", 0,64258.14,03 - UNIVERSITARIO,0.0,0.0,1.0,0.0,0.0,0.0,0.0,0.0,0.0,0.0,0.0,0.0,0.0,0.0,0.0,0.0,0.0,0.0,0.0,0.0,0.0, 0, 0,0.0
83,2015-01-28,1050516.0,N,ES,H, 24,2012-08-10, 0,     35, 1,,1.0,I,S,N,,KHE,N, 1,45,"""TOLEDO""", 0,,03 - UNIVERSITARIO,0.0,0.0,1.0,0.0,0.0,0.0,0.0,0.0,0.0,0.0,0.0,0.0,0.0,0.0,0.0,0.0,0.0,0.0,0.0,0.0,0.0, 0, 0,0.0
84,2015-01-28,1050517.0,N,ES,V, 27,2012-08-10, 0,     35, 1,,1.0,A,S,N,,KHE,N, 1,22,"""HUESCA""", 1,59930.22,03 - UNIVERSITARIO,0.0,0.0,1.0,0.0,0.0,0.0,0.0,0.0,0.0,0.0,0.0,0.0,0.0,0.0,0.0,0.0,0.0,0.0,0.0,0.0,0.0, 0, 0,0.0
85,2015-01-28,1050520.0,N,ES,V, 23,2012-08-10, 0,     35, 1,,1.0,I,S,N,,KHE,N, 1,45,"""TOLEDO""", 0,162609.54,03 - UNIVERSITARIO,0.0,0.0,1.0,0.0,0.0,0.0,0.0,0.0,0.0,0.0,0.0,0.0,0.0,0.0,0.0,0.0,0.0,0.0,0.0,0.0,0.0, 0, 0,0.0
86,2015-01-28,1050521.0,N,ES,H, 23,2012-08-10, 0,     35, 1,,1.0,I,S,N,,KHE,N, 1,32,"""OURENSE""", 1,74708.49,03 - UNIVERSITARIO,0.0,0.0,1.0,0.0,0.0,0.0,0.0,0.0,0.0,0.0,0.0,0.0,0.0,0.0,0.0,0.0,0.0,0.0,0.0,0.0,0.0, 0, 0,0.0
87,2015-01-28,1050522.0,N,ES,V, 25,2012-08-10, 0,     35, 1,,1.0,I,S,N,,KHE,N, 1,50,"""ZARAGOZA""", 0,68155.5,03 - UNIVERSITARIO,0.0,0.0,1.0,0.0,0.0,0.0,0.0,0.0,0.0,0.0,0.0,0.0,0.0,0.0,0.0,0.0,0.0,0.0,0.0,0.0,0.0, 0, 0,0.0
88,2015-01-28,1050523.0,N,ES,H, 24,2012-08-10, 0,     35, 1,,1.0,I,S,N,,KHE,N, 1,46,"""VALENCIA""", 0,77383.98,03 - UNIVERSITARIO,0.0,0.0,1.0,0.0,0.0,0.0,0.0,0.0,0.0,0.0,0.0,0.0,0.0,0.0,0.0,0.0,0.0,0.0,0.0,0.0,0.0, 0, 0,0.0
89,2015-01-28,1050524.0,N,ES,V, 25,2012-08-10, 0,     35, 1,,1.0,I,S,N,,KHE,N, 1,27,"""LUGO""", 0,56347.68000000001,03 - UNIVERSITARIO,0.0,0.0,1.0,0.0,0.0,0.0,0.0,0.0,0.0,0.0,0.0,0.0,0.0,0.0,0.0,0.0,0.0,0.0,0.0,0.0,0.0, 0, 0,0.0
90,2015-01-28,1050505.0,N,ES,V, 25,2012-08-10, 0,     35, 1,,1.0,I,S,N,,KHE,N, 1,45,"""TOLEDO""", 0,112330.35,03 - UNIVERSITARIO,0.0,0.0,1.0,0.0,0.0,0.0,0.0,0.0,0.0,0.0,0.0,0.0,0.0,0.0,0.0,0.0,0.0,0.0,0.0,0.0,0.0, 0, 0,0.0
91,2015-01-28,1050525.0,N,ES,H, 26,2012-08-10, 0,     35, 1,,1.0,I,S,N,,KHE,N, 1,28,"""MADRID""", 0,95392.71,03 - UNIVERSITARIO,0.0,0.0,1.0,0.0,0.0,0.0,0.0,0.0,0.0,0.0,0.0,0.0,0.0,0.0,0.0,0.0,0.0,0.0,0.0,0.0,0.0, 0, 0,0.0
92,2015-01-28,1050504.0,N,ES,V, 36,2012-08-10, 0,     35, 1,,1.0,I,S,N,,KHE,N, 1,23,"""JAEN""", 0,73020.18000000001,02 - PARTICULARES,0.0,0.0,1.0,0.0,0.0,0.0,0.0,0.0,0.0,0.0,0.0,0.0,0.0,0.0,0.0,0.0,0.0,0.0,0.0,0.0,0.0, 0, 0,0.0
93,2015-01-28,1050502.0,N,ES,H, 23,2012-08-10, 0,     35, 1,,1.0,I,S,N,,KHE,N, 1,13,"""CIUDAD REAL""", 0,,03 - UNIVERSITARIO,0.0,0.0,1.0,0.0,0.0,0.0,0.0,0.0,0.0,0.0,0.0,0.0,0.0,0.0,0.0,0.0,0.0,0.0,0.0,0.0,0.0, 0, 0,0.0
94,2015-01-28,1050488.0,N,ES,V, 26,2012-08-10, 0,     35, 1,,1.0,A,S,N,,KHE,N, 1,22,"""HUESCA""", 1,113580.78,03 - UNIVERSITARIO,0.0,0.0,1.0,0.0,0.0,0.0,0.0,0.0,0.0,0.0,0.0,0.0,0.0,0.0,0.0,0.0,0.0,0.0,0.0,0.0,0.0, 0, 0,0.0
95,2015-01-28,1050489.0,N,ES,H, 23,2012-08-10, 0,     35, 1,,1.0,A,S,N,,KHE,N, 1, 8,"""BARCELONA""", 1,158207.40000000002,03 - UNIVERSITARIO,0.0,0.0,1.0,0.0,0.0,0.0,0.0,0.0,0.0,0.0,0.0,0.0,0.0,0.0,0.0,0.0,0.0,0.0,0.0,0.0,0.0, 0, 0,0.0
96,2015-01-28,1050490.0,N,ES,V, 23,2012-08-10, 0,     35, 1,,1.0,A,S,N,,KHE,N, 1,13,"""CIUDAD REAL""", 1,,03 - UNIVERSITARIO,0.0,0.0,1.0,0.0,0.0,0.0,0.0,0.0,0.0,0.0,0.0,0.0,0.0,0.0,0.0,0.0,0.0,0.0,0.0,0.0,0.0, 0, 0,0.0
97,2015-01-28,1050491.0,N,ES,V, 23,2012-08-10, 0,     35, 1,,1.0,I,S,N,,KHE,N, 1,45,"""TOLEDO""", 0,60067.86,03 - UNIVERSITARIO,0.0,0.0,1.0,0.0,0.0,0.0,0.0,0.0,0.0,0.0,0.0,0.0,0.0,0.0,0.0,0.0,0.0,0.0,0.0,0.0,0.0, 0, 0,0.0
98,2015-01-28,1050492.0,N,ES,V, 25,2012-08-10, 0,     35, 1,,1.0,A,S,N,,KHE,N, 1,45,"""TOLEDO""", 1,77713.95000000001,03 - UNIVERSITARIO,0.0,0.0,1.0,0.0,0.0,0.0,0.0,0.0,0.0,0.0,0.0,0.0,0.0,0.0,0.0,0.0,0.0,0.0,0.0,0.0,0.0, 0, 0,0.0
99,2015-01-28,1050493.0,N,ES,H, 23,2012-08-10, 0,     35, 1,,1.0,I,S,N,,KHE,N, 1,37,"""SALAMANCA""", 0,,03 - UNIVERSITARIO,0.0,0.0,1.0,0.0,0.0,0.0,0.0,0.0,0.0,0.0,0.0,0.0,0.0,0.0,0.0,0.0,0.0,0.0,0.0,0.0,0.0, 0, 0,0.0
100,2015-01-28,1050494.0,N,ES,V, 38,2012-08-10, 0,     35, 1,,1.0,I,S,N,,KHE,N, 1,45,"""TOLEDO""", 0,42423.03,02 - PARTICULARES,0.0,0.0,1.0,0.0,0.0,0.0,0.0,0.0,0.0,0.0,0.0,0.0,0.0,0.0,0.0,0.0,0.0,0.0,0.0,0.0,0.0, 0, 0,0.0
101,2015-01-28,1050495.0,N,ES,H, 23,2012-08-10, 0,     35, 1,,1.0,I,S,N,,KHE,N, 1,27,"""LUGO""", 1,154107.09,03 - UNIVERSITARIO,0.0,0.0,1.0,0.0,0.0,0.0,0.0,0.0,0.0,0.0,0.0,0.0,0.0,0.0,0.0,0.0,0.0,0.0,0.0,0.0,0.0, 0, 0,0.0
102,2015-01-28,1050496.0,N,ES,V, 28,2012-08-10, 0,     35, 1,,1.0,A,S,N,,KHE,N, 1,50,"""ZARAGOZA""", 1,93241.92,03 - UNIVERSITARIO,0.0,0.0,1.0,0.0,0.0,0.0,0.0,0.0,0.0,0.0,0.0,0.0,0.0,0.0,0.0,0.0,0.0,0.0,0.0,0.0,0.0, 0, 0,0.0
103,2015-01-28,1050497.0,N,ES,H, 23,2012-08-10, 0,     35, 1,,1.0,I,S,S,,KHE,N, 1,45,"""TOLEDO""", 0,46257.72,03 - UNIVERSITARIO,0.0,0.0,1.0,0.0,0.0,0.0,0.0,0.0,0.0,0.0,0.0,0.0,0.0,0.0,0.0,0.0,0.0,0.0,0.0,0.0,0.0, 0, 0,0.0
104,2015-01-28,1050498.0,N,ES,V, 24,2012-08-10, 0,     35, 1,,1.0,I,S,N,,KHE,N, 1,16,"""CUENCA""", 0,,03 - UNIVERSITARIO,0.0,0.0,1.0,0.0,0.0,0.0,0.0,0.0,0.0,0.0,0.0,0.0,0.0,0.0,0.0,0.0,0.0,0.0,0.0,0.0,0.0, 0, 0,0.0
105,2015-01-28,1050499.0,N,ES,H, 23,2012-08-10, 0,     35, 1,,1.0,I,S,N,,KHE,N, 1, 8,"""BARCELONA""", 0,130311.75,03 - UNIVERSITARIO,0.0,0.0,1.0,0.0,0.0,0.0,0.0,0.0,0.0,0.0,0.0,0.0,0.0,0.0,0.0,0.0,0.0,0.0,0.0,0.0,0.0, 0, 0,0.0
106,2015-01-28,1050500.0,N,ES,V, 24,2012-08-10, 0,     35, 1,,1.0,I,S,N,,KHE,N, 1,13,"""CIUDAD REAL""", 0,58682.34,03 - UNIVERSITARIO,0.0,0.0,1.0,0.0,0.0,0.0,0.0,0.0,0.0,0.0,0.0,0.0,0.0,0.0,0.0,0.0,0.0,0.0,0.0,0.0,0.0, 0, 0,0.0
107,2015-01-28,1050501.0,N,ES,V, 63,2012-08-10, 0,     35, 1,,1.0,A,S,N,,KHE,N, 1,13,"""CIUDAD REAL""", 1,58682.34,02 - PARTICULARES,0.0,0.0,1.0,0.0,0.0,0.0,0.0,0.0,0.0,0.0,0.0,0.0,0.0,0.0,0.0,0.0,0.0,0.0,0.0,0.0,0.0, 0, 0,0.0
108,2015-01-28,1050503.0,N,ES,V, 23,2012-08-10, 0,     35, 1,,1.0,A,S,N,,KHE,N, 1,36,"""PONTEVEDRA""", 1,,03 - UNIVERSITARIO,0.0,0.0,1.0,0.0,0.0,0.0,0.0,0.0,0.0,0.0,0.0,0.0,0.0,0.0,0.0,0.0,0.0,0.0,0.0,0.0,0.0, 0, 0,0.0
109,2015-01-28,1050578.0,N,ES,V, 23,2012-08-10, 0,     35, 1,,1.0,I,S,N,,KHE,N, 1,10,"""CACERES""", 0,103775.1,03 - UNIVERSITARIO,0.0,0.0,1.0,0.0,0.0,0.0,0.0,0.0,0.0,0.0,0.0,0.0,0.0,0.0,0.0,0.0,0.0,0.0,0.0,0.0,0.0, 0, 0,0.0
110,2015-01-28,1050526.0,N,ES,V, 22,2012-08-10, 0,     35, 1,,1.0,I,S,N,,KHE,N, 1,50,"""ZARAGOZA""", 0,59551.65,03 - UNIVERSITARIO,0.0,0.0,1.0,0.0,0.0,0.0,0.0,0.0,0.0,0.0,0.0,0.0,0.0,0.0,0.0,0.0,0.0,0.0,0.0,0.0,0.0, 0, 0,0.0
111,2015-01-28,1050529.0,N,ES,H, 24,2012-08-10, 0,     35, 1,,1.0,I,S,N,,KHE,N, 1,13,"""CIUDAD REAL""", 0,36372.0,03 - UNIVERSITARIO,0.0,0.0,1.0,0.0,0.0,0.0,0.0,0.0,0.0,0.0,0.0,0.0,0.0,0.0,0.0,0.0,0.0,0.0,0.0,0.0,0.0, 0, 0,0.0
112,2015-01-28,1050556.0,N,ES,H, 23,2012-08-10, 0,     35, 1,,1.0,A,S,N,,KHE,N, 1,49,"""ZAMORA""", 1,134770.2,03 - UNIVERSITARIO,0.0,0.0,1.0,0.0,0.0,0.0,0.0,0.0,0.0,0.0,0.0,0.0,0.0,0.0,0.0,0.0,0.0,0.0,0.0,0.0,0.0, 0, 0,0.0
113,2015-01-28,1050557.0,N,ES,H, 27,2012-08-10, 0,     35, 1,,1.0,I,S,N,,KHE,N, 1,28,"""MADRID""", 0,124518.48,03 - UNIVERSITARIO,0.0,0.0,1.0,0.0,0.0,0.0,0.0,0.0,0.0,0.0,0.0,0.0,0.0,0.0,0.0,0.0,0.0,0.0,0.0,0.0,0.0, 0, 0,0.0
114,2015-01-28,1050560.0,N,ES,H, 23,2012-08-10, 0,     35, 1,,1.0,A,S,N,,KHE,N, 1,13,"""CIUDAD REAL""", 1,59537.49000000001,03 - UNIVERSITARIO,0.0,0.0,1.0,0.0,0.0,0.0,0.0,0.0,0.0,0.0,0.0,0.0,0.0,0.0,0.0,0.0,0.0,0.0,0.0,0.0,0.0, 0, 0,0.0
115,2015-01-28,1050561.0,N,ES,H, 23,2012-08-10, 0,     35, 1,,1.0,I,S,N,,KHE,N, 1,45,"""TOLEDO""", 0,120146.49,03 - UNIVERSITARIO,0.0,0.0,1.0,0.0,0.0,0.0,0.0,0.0,0.0,0.0,0.0,0.0,0.0,0.0,0.0,0.0,0.0,0.0,0.0,0.0,0.0, 0, 0,0.0
116,2015-01-28,1050562.0,N,ES,V, 25,2012-08-10, 0,     35, 1,,1.0,I,S,N,,KHE,N, 1,50,"""ZARAGOZA""", 0,63342.36,03 - UNIVERSITARIO,0.0,0.0,1.0,0.0,0.0,0.0,0.0,0.0,0.0,0.0,0.0,0.0,0.0,0.0,0.0,0.0,0.0,0.0,0.0,0.0,0.0, 0, 0,0.0
117,2015-01-28,1050565.0,N,ES,H, 33,2012-08-10, 0,     35, 1,,1.0,A,S,N,,KHE,N, 1,46,"""VALENCIA""", 1,54141.03,03 - UNIVERSITARIO,0.0,0.0,0.0,0.0,1.0,0.0,0.0,0.0,0.0,0.0,0.0,0.0,0.0,0.0,0.0,0.0,0.0,0.0,0.0,0.0,0.0, 1, 1,1.0
118,2015-01-28,1050567.0,N,ES,V, 22,2012-08-10, 0,     35, 1,,1.0,I,S,N,,KHE,N, 1,44,"""TERUEL""", 0,74689.35,03 - UNIVERSITARIO,0.0,0.0,1.0,0.0,0.0,0.0,0.0,0.0,0.0,0.0,0.0,0.0,0.0,0.0,0.0,0.0,0.0,0.0,0.0,0.0,0.0, 0, 0,0.0
119,2015-01-28,1050568.0,N,ES,H, 38,2012-08-10, 0,     35, 1,,1.0,I,S,N,,KHE,N, 1,45,"""TOLEDO""", 0,147215.97,02 - PARTICULARES,0.0,0.0,1.0,0.0,0.0,0.0,0.0,0.0,0.0,0.0,0.0,0.0,0.0,0.0,0.0,0.0,0.0,0.0,0.0,0.0,0.0, 0, 0,0.0
120,2015-01-28,1050569.0,N,ES,V, 23,2012-08-10, 0,     35, 1,,1.0,I,S,N,,KHE,N, 1,13,"""CIUDAD REAL""", 0,99272.52,03 - UNIVERSITARIO,0.0,0.0,1.0,0.0,0.0,0.0,0.0,0.0,0.0,0.0,0.0,0.0,0.0,0.0,0.0,0.0,0.0,0.0,0.0,0.0,0.0, 0, 0,0.0
121,2015-01-28,1050570.0,N,ES,H, 23,2012-08-10, 0,     35, 1,,1.0,A,S,N,,KHE,N, 1,45,"""TOLEDO""", 1,46145.94,03 - UNIVERSITARIO,0.0,0.0,1.0,0.0,0.0,0.0,0.0,0.0,0.0,0.0,0.0,0.0,0.0,0.0,0.0,0.0,0.0,0.0,0.0,0.0,0.0, 0, 0,0.0
122,2015-01-28,1050571.0,N,ES,H, 23,2012-08-10, 0,     35, 1,,1.0,A,S,N,,KHE,N, 1,48,"""BIZKAIA""", 1,,03 - UNIVERSITARIO,0.0,0.0,1.0,0.0,0.0,0.0,0.0,0.0,0.0,0.0,0.0,0.0,0.0,0.0,0.0,0.0,0.0,0.0,0.0,0.0,0.0, 0, 0,0.0
123,2015-01-28,1050573.0,N,ES,V, 45,2012-08-10, 0,     35, 1,,1.0,I,S,N,,KHE,N, 1,45,"""TOLEDO""", 0,147215.97,02 - PARTICULARES,0.0,0.0,1.0,0.0,0.0,0.0,0.0,0.0,0.0,0.0,0.0,0.0,0.0,0.0,0.0,0.0,0.0,0.0,0.0,0.0,0.0, 0, 0,0.0
124,2015-01-28,1050574.0,N,ES,H, 23,2012-08-10, 0,     35, 1,,1.0,A,S,N,,KHE,N, 1,13,"""CIUDAD REAL""", 1,64347.36,03 - UNIVERSITARIO,0.0,0.0,1.0,0.0,0.0,0.0,0.0,0.0,0.0,0.0,0.0,0.0,0.0,0.0,0.0,0.0,0.0,0.0,0.0,0.0,0.0, 0, 0,0.0
125,2015-01-28,1050575.0,N,ES,V, 24,2012-08-10, 0,     35, 1,,1.0,A,S,N,,KHE,N, 1,46,"""VALENCIA""", 1,151852.47,03 - UNIVERSITARIO,0.0,0.0,1.0,0.0,0.0,0.0,0.0,0.0,0.0,0.0,0.0,0.0,0.0,0.0,0.0,0.0,0.0,0.0,0.0,0.0,0.0, 0, 0,0.0
126,2015-01-28,1050552.0,N,ES,V, 23,2012-08-10, 0,     35, 1,,1.0,A,S,N,,KHE,N, 1,46,"""VALENCIA""", 1,82756.11,03 - UNIVERSITARIO,0.0,0.0,1.0,0.0,0.0,0.0,0.0,0.0,0.0,0.0,0.0,0.0,0.0,0.0,0.0,0.0,0.0,0.0,0.0,0.0,0.0, 0, 0,0.0
127,2015-01-28,1050527.0,N,ES,H, 23,2012-08-10, 0,     35, 1,,1.0,I,S,N,,KHE,N, 1,46,"""VALENCIA""", 0,67018.92,03 - UNIVERSITARIO,0.0,0.0,1.0,0.0,0.0,0.0,0.0,0.0,0.0,0.0,0.0,0.0,0.0,0.0,0.0,0.0,0.0,0.0,0.0,0.0,0.0, 0, 0,0.0
128,2015-01-28,1050551.0,N,ES,H, 26,2012-08-10, 0,     35, 1,,1.0,I,S,N,,KHE,N, 1,28,"""MADRID""", 0,111926.91,03 - UNIVERSITARIO,0.0,0.0,1.0,0.0,0.0,0.0,0.0,0.0,0.0,0.0,0.0,0.0,0.0,0.0,0.0,0.0,0.0,0.0,0.0,0.0,0.0, 0, 0,0.0
129,2015-01-28,1050549.0,N,ES,V, 29,2012-08-10, 0,     35, 1,,1.0,I,S,N,,KHE,N, 1,45,"""TOLEDO""", 0,56603.76,03 - UNIVERSITARIO,0.0,0.0,1.0,0.0,0.0,0.0,0.0,0.0,0.0,0.0,0.0,0.0,0.0,0.0,0.0,0.0,0.0,0.0,0.0,0.0,0.0, 0, 0,0.0
130,2015-01-28,1050530.0,N,ES,V, 23,2012-08-10, 0,     35, 1,,1.0,I,S,N,,KHE,N, 1,17,"""GIRONA""", 0,58801.02,03 - UNIVERSITARIO,0.0,0.0,1.0,0.0,0.0,0.0,0.0,0.0,0.0,0.0,0.0,0.0,0.0,0.0,0.0,0.0,0.0,0.0,0.0,0.0,0.0, 0, 0,0.0
131,2015-01-28,1050531.0,N,ES,H, 23,2012-08-10, 0,     35, 1,,1.0,A,S,N,,KHE,N, 1,27,"""LUGO""", 1,,03 - UNIVERSITARIO,0.0,0.0,1.0,0.0,0.0,0.0,0.0,0.0,0.0,0.0,0.0,0.0,0.0,0.0,0.0,0.0,0.0,0.0,0.0,0.0,0.0, 0, 0,1.0
132,2015-01-28,1050532.0,N,ES,V, 22,2012-08-10, 0,     35, 1,,1.0,I,S,N,,KHE,N, 1,50,"""ZARAGOZA""", 0,134144.28,03 - UNIVERSITARIO,0.0,0.0,1.0,0.0,0.0,0.0,0.0,0.0,0.0,0.0,0.0,0.0,0.0,0.0,0.0,0.0,0.0,0.0,0.0,0.0,0.0, 0, 0,0.0
133,2015-01-28,1050533.0,N,ES,H, 23,2012-08-10, 0,     35, 1,,1.0,I,S,N,,KHE,N, 1,12,"""CASTELLON""", 0,,03 - UNIVERSITARIO,0.0,0.0,1.0,0.0,0.0,0.0,0.0,0.0,0.0,0.0,0.0,0.0,0.0,0.0,0.0,0.0,0.0,0.0,0.0,0.0,0.0, 0, 0,0.0
134,2015-01-28,1050534.0,N,ES,V, 31,2012-08-10, 0,     35, 1,,1.0,I,S,N,,KHE,N, 1,28,"""MADRID""", 0,,03 - UNIVERSITARIO,0.0,0.0,1.0,0.0,0.0,0.0,0.0,0.0,0.0,0.0,0.0,0.0,0.0,0.0,0.0,0.0,0.0,0.0,0.0,0.0,0.0, 0, 0,0.0
135,2015-01-28,1050536.0,N,ES,V, 23,2012-08-10, 0,     35, 1,,1.0,I,S,N,,KHE,N, 1,46,"""VALENCIA""", 0,37778.01,03 - UNIVERSITARIO,0.0,0.0,1.0,0.0,0.0,0.0,0.0,0.0,0.0,0.0,0.0,0.0,0.0,0.0,0.0,0.0,0.0,0.0,0.0,0.0,0.0, 0, 0,0.0
136,2015-01-28,1050537.0,N,ES,H, 23,2012-08-10, 0,     35, 1,,1.0,A,S,N,,KHE,N, 1,50,"""ZARAGOZA""", 1,214309.14,03 - UNIVERSITARIO,0.0,0.0,0.0,0.0,1.0,0.0,0.0,0.0,0.0,0.0,0.0,0.0,0.0,0.0,0.0,0.0,0.0,0.0,0.0,0.0,0.0, 1, 1,0.0
137,2015-01-28,1050540.0,N,ES,H, 25,2012-08-10, 0,     35, 1,,1.0,I,S,N,,KHE,N, 1,46,"""VALENCIA""", 0,,03 - UNIVERSITARIO,0.0,0.0,1.0,0.0,0.0,0.0,0.0,0.0,0.0,0.0,0.0,0.0,0.0,0.0,0.0,0.0,0.0,0.0,0.0,0.0,0.0, 0, 0,0.0
138,2015-01-28,1050541.0,N,ES,V, 23,2012-08-10, 0,     35, 1,,1.0,I,S,N,,KHE,N, 1,27,"""LUGO""", 0,112228.41,03 - UNIVERSITARIO,0.0,0.0,1.0,0.0,0.0,0.0,0.0,0.0,0.0,0.0,0.0,0.0,0.0,0.0,0.0,0.0,0.0,0.0,0.0,0.0,0.0, 0, 0,0.0
139,2015-01-28,1050543.0,N,ES,H, 23,2012-08-10, 0,     35, 1,,1.0,A,S,N,,KHE,N, 1,49,"""ZAMORA""", 0,73414.65,03 - UNIVERSITARIO,0.0,0.0,1.0,0.0,0.0,0.0,0.0,0.0,0.0,0.0,0.0,0.0,0.0,0.0,0.0,0.0,0.0,0.0,0.0,0.0,0.0, 0, 0,0.0
140,2015-01-28,1050544.0,N,ES,H, 25,2012-08-10, 0,     35, 1,,1.0,I,S,N,,KHE,N, 1,27,"""LUGO""", 0,,03 - UNIVERSITARIO,0.0,0.0,1.0,0.0,0.0,0.0,0.0,0.0,0.0,0.0,0.0,0.0,0.0,0.0,0.0,0.0,0.0,0.0,0.0,0.0,0.0, 0, 0,0.0
141,2015-01-28,1050547.0,N,ES,H, 23,2012-08-10, 0,     35, 1,,1.0,I,S,N,,KHE,N, 1,46,"""VALENCIA""", 0,189110.64,03 - UNIVERSITARIO,0.0,0.0,1.0,0.0,0.0,0.0,0.0,0.0,0.0,0.0,0.0,0.0,0.0,0.0,0.0,0.0,0.0,0.0,0.0,0.0,0.0, 0, 0,0.0
142,2015-01-28,1050548.0,N,ES,V, 27,2012-08-10, 0,     35, 1,,1.0,A,S,N,,KHE,N, 1,13,"""CIUDAD REAL""", 1,84365.58,03 - UNIVERSITARIO,0.0,0.0,1.0,0.0,0.0,0.0,0.0,0.0,0.0,0.0,0.0,0.0,0.0,0.0,0.0,0.0,0.0,0.0,0.0,0.0,0.0, 0, 0,1.0
143,2015-01-28,1050550.0,N,ES,H, 23,2012-08-10, 0,     35, 1,,1.0,A,S,N,,KHE,N, 1,45,"""TOLEDO""", 1,42247.26,03 - UNIVERSITARIO,0.0,0.0,1.0,0.0,0.0,0.0,0.0,0.0,0.0,0.0,0.0,0.0,0.0,0.0,0.0,0.0,0.0,0.0,0.0,0.0,0.0, 0, 0,1.0
144,2015-01-28,1050713.0,N,ES,V, 23,2012-08-10, 0,     35, 1,,1.0,I,S,N,,KHE,N, 1, 8,"""BARCELONA""", 0,180338.19,03 - UNIVERSITARIO,0.0,0.0,1.0,0.0,0.0,0.0,0.0,0.0,0.0,0.0,0.0,0.0,0.0,0.0,0.0,0.0,0.0,0.0,0.0,0.0,0.0, 0, 0,0.0
145,2015-01-28,1050715.0,N,ES,V, 22,2012-08-10, 0,     35, 1,,1.0,A,S,N,,KHD,N, 1, 2,"""ALBACETE""", 1,103915.47,03 - UNIVERSITARIO,0.0,0.0,1.0,0.0,0.0,0.0,0.0,0.0,0.0,0.0,0.0,0.0,0.0,0.0,0.0,0.0,0.0,0.0,0.0,0.0,0.0, 0, 0,1.0
146,2015-01-28,1050717.0,N,ES,V, 23,2012-08-10, 0,     35, 1,,1.0,I,S,N,,KHE,N, 1, 8,"""BARCELONA""", 0,133865.43,03 - UNIVERSITARIO,0.0,0.0,1.0,0.0,0.0,0.0,0.0,0.0,0.0,0.0,0.0,0.0,0.0,0.0,0.0,0.0,0.0,0.0,0.0,0.0,0.0, 0, 0,0.0
147,2015-01-28,1050873.0,N,ES,H, 31,2012-08-10, 0,     35, 1,,1.0,I,S,N,,KHE,N, 1,46,"""VALENCIA""", 0,,03 - UNIVERSITARIO,0.0,0.0,1.0,0.0,0.0,0.0,0.0,0.0,0.0,0.0,0.0,0.0,0.0,0.0,0.0,0.0,0.0,0.0,0.0,0.0,0.0, 0, 0,0.0
148,2015-01-28,1050874.0,N,ES,H, 27,2012-08-10, 0,     35, 1,,1.0,A,S,N,,KHE,N, 1, 5,"""AVILA""", 1,65012.64,03 - UNIVERSITARIO,0.0,0.0,1.0,0.0,0.0,0.0,0.0,0.0,0.0,0.0,0.0,0.0,0.0,0.0,0.0,0.0,0.0,0.0,0.0,0.0,0.0, 0, 0,0.0
149,2015-01-28,1050875.0,N,ES,V, 22,2012-08-10, 0,     35, 1,,1.0,A,S,N,,KHE,N, 1, 8,"""BARCELONA""", 1,,03 - UNIVERSITARIO,0.0,0.0,1.0,0.0,0.0,0.0,0.0,0.0,0.0,0.0,0.0,0.0,0.0,0.0,0.0,0.0,0.0,0.0,0.0,0.0,0.0, 0, 0,0.0
150,2015-01-28,1050878.0,N,ES,V, 30,2012-08-10, 0,     35, 1,,1.0,A,S,N,,KHE,N, 1,28,"""MADRID""", 1,126039.36000000002,03 - UNIVERSITARIO,0.0,0.0,1.0,0.0,0.0,0.0,0.0,0.0,0.0,0.0,0.0,0.0,0.0,0.0,0.0,0.0,0.0,0.0,0.0,0.0,0.0, 0, 0,0.0
151,2015-01-28,1050879.0,N,ES,H, 26,2012-08-10, 0,     35, 1,,1.0,A,S,N,,KHE,N, 1,28,"""MADRID""", 0,72203.85,03 - UNIVERSITARIO,0.0,0.0,1.0,0.0,0.0,0.0,0.0,0.0,0.0,0.0,0.0,0.0,0.0,0.0,0.0,0.0,0.0,0.0,0.0,0.0,0.0, 0, 0,0.0
152,2015-01-28,1050884.0,N,ES,V, 29,2012-08-10, 0,     35, 1,,1.0,A,S,N,,KHE,N, 1,28,"""MADRID""", 0,323722.5,03 - UNIVERSITARIO,0.0,0.0,1.0,0.0,0.0,0.0,0.0,0.0,0.0,0.0,0.0,0.0,0.0,0.0,0.0,0.0,0.0,0.0,0.0,0.0,0.0, 0, 0,0.0
153,2015-01-28,1050885.0,N,ES,H, 24,2012-08-10, 0,     35, 1,,1.0,I,S,N,,KHE,N, 1, 6,"""BADAJOZ""", 0,,03 - UNIVERSITARIO,0.0,0.0,1.0,0.0,0.0,0.0,0.0,0.0,0.0,0.0,0.0,0.0,0.0,0.0,0.0,0.0,0.0,0.0,0.0,0.0,0.0, 0, 0,0.0
154,2015-01-28,1050887.0,N,ES,H, 26,2012-08-10, 0,     35, 1,,1.0,I,S,N,,KHE,N, 1,37,"""SALAMANCA""", 0,,03 - UNIVERSITARIO,0.0,0.0,1.0,0.0,0.0,0.0,0.0,0.0,0.0,0.0,0.0,0.0,0.0,0.0,0.0,0.0,0.0,0.0,0.0,0.0,0.0, 0, 0,0.0
155,2015-01-28,1050888.0,N,ES,V, 23,2012-08-10, 0,     35, 1,,1.0,A,S,N,,KHE,N, 1,28,"""MADRID""", 1,243690.57,03 - UNIVERSITARIO,0.0,0.0,1.0,0.0,0.0,0.0,0.0,0.0,0.0,0.0,0.0,0.0,0.0,0.0,0.0,0.0,0.0,0.0,0.0,0.0,0.0, 0, 0,0.0
156,2015-01-28,1050890.0,N,ES,H, 26,2012-08-10, 0,     35, 1,,1.0,I,S,N,,KHE,N, 1, 5,"""AVILA""", 0,93297.81,03 - UNIVERSITARIO,0.0,0.0,1.0,0.0,0.0,0.0,0.0,0.0,0.0,0.0,0.0,0.0,0.0,0.0,0.0,0.0,0.0,0.0,0.0,0.0,0.0, 0, 0,0.0
157,2015-01-28,1050891.0,N,ES,H, 23,2012-08-10, 0,     35, 1,,1.0,I,S,N,,KHE,N, 1,28,"""MADRID""", 0,,03 - UNIVERSITARIO,0.0,0.0,1.0,0.0,0.0,0.0,0.0,0.0,0.0,0.0,0.0,0.0,0.0,0.0,0.0,0.0,0.0,0.0,0.0,0.0,0.0, 0, 0,0.0
158,2015-01-28,1050893.0,N,ES,H, 23,2012-08-10, 0,     35, 1,,1.0,A,S,N,,KHE,N, 1,37,"""SALAMANCA""", 1,102242.25,03 - UNIVERSITARIO,0.0,0.0,1.0,0.0,0.0,0.0,0.0,0.0,0.0,0.0,0.0,0.0,0.0,0.0,0.0,0.0,0.0,0.0,0.0,0.0,0.0, 0, 0,0.0
159,2015-01-28,1050894.0,N,ES,H, 25,2012-08-10, 0,     35, 1,,1.0,A,S,N,,KHE,N, 1,28,"""MADRID""", 1,92941.65,03 - UNIVERSITARIO,0.0,0.0,1.0,0.0,0.0,0.0,0.0,0.0,0.0,0.0,0.0,0.0,0.0,0.0,0.0,0.0,0.0,0.0,0.0,0.0,0.0, 0, 0,0.0
160,2015-01-28,1050896.0,N,ES,H, 23,2012-08-10, 0,     35, 1,,1.0,I,S,N,,KHE,N, 1,22,"""HUESCA""", 0,72729.48,03 - UNIVERSITARIO,0.0,0.0,1.0,0.0,0.0,0.0,0.0,0.0,0.0,0.0,0.0,0.0,0.0,0.0,0.0,0.0,0.0,0.0,0.0,0.0,0.0, 0, 0,0.0
161,2015-01-28,1050897.0,N,ES,V, 22,2012-08-10, 0,     35, 1,,1.0,A,S,N,,KHE,N, 1, 3,"""ALICANTE""", 1,112788.38999999998,03 - UNIVERSITARIO,0.0,0.0,1.0,0.0,0.0,0.0,0.0,0.0,0.0,0.0,0.0,0.0,0.0,0.0,0.0,0.0,0.0,0.0,0.0,0.0,0.0, 0, 0,0.0
162,2015-01-28,1050872.0,N,ES,V, 60,2012-08-10, 0,     35, 1,,1.0,A,S,N,,KHE,N, 1,28,"""MADRID""", 1,330939.12,02 - PARTICULARES,0.0,0.0,1.0,0.0,0.0,0.0,0.0,0.0,0.0,0.0,0.0,0.0,0.0,0.0,0.0,0.0,0.0,0.0,0.0,0.0,0.0, 0, 0,0.0
163,2015-01-28,1050898.0,N,ES,H, 26,2012-08-10, 0,     35, 1,,1.0,I,S,N,,KHE,N, 1,46,"""VALENCIA""", 0,57358.02,03 - UNIVERSITARIO,0.0,0.0,1.0,0.0,0.0,0.0,0.0,0.0,0.0,0.0,0.0,0.0,0.0,0.0,0.0,0.0,0.0,0.0,0.0,0.0,0.0, 0, 0,0.0
164,2015-01-28,1050871.0,N,ES,H, 23,2012-08-10, 0,     35, 1,,1.0,A,S,N,,KHE,N, 1,39,"""CANTABRIA""", 1,68472.63,03 - UNIVERSITARIO,0.0,0.0,1.0,0.0,0.0,0.0,0.0,0.0,0.0,0.0,0.0,0.0,0.0,0.0,0.0,0.0,0.0,0.0,0.0,0.0,0.0, 0, 0,0.0
165,2015-01-28,1050867.0,N,ES,V, 23,2012-08-10, 0,     35, 1,,1.0,I,S,N,,KHE,N, 1,37,"""SALAMANCA""", 0,85170.99,03 - UNIVERSITARIO,0.0,0.0,1.0,0.0,0.0,0.0,0.0,0.0,0.0,0.0,0.0,0.0,0.0,0.0,0.0,0.0,0.0,0.0,0.0,0.0,0.0, 0, 0,0.0
166,2015-01-28,1050844.0,N,ES,H, 23,2012-08-10, 0,     35, 1,,1.0,A,S,N,,KHE,N, 1,37,"""SALAMANCA""", 1,72727.77,03 - UNIVERSITARIO,0.0,0.0,1.0,0.0,0.0,0.0,0.0,0.0,0.0,0.0,0.0,0.0,0.0,0.0,0.0,0.0,0.0,0.0,0.0,0.0,0.0, 0, 0,0.0
167,2015-01-28,1050846.0,N,ES,V, 24,2012-08-10, 0,     35, 1,,1.0,A,S,N,,KHE,N, 1,28,"""MADRID""", 1,143977.8,03 - UNIVERSITARIO,0.0,0.0,1.0,0.0,0.0,0.0,0.0,0.0,0.0,0.0,0.0,0.0,0.0,0.0,0.0,0.0,0.0,0.0,0.0,0.0,0.0, 0, 0,1.0
168,2015-01-28,1050847.0,N,ES,V, 22,2012-08-10, 0,     35, 1,,1.0,I,S,N,,KHE,N, 1,20,"""GIPUZKOA""", 0,,03 - UNIVERSITARIO,0.0,0.0,1.0,0.0,0.0,0.0,0.0,0.0,0.0,0.0,0.0,0.0,0.0,0.0,0.0,0.0,0.0,0.0,0.0,0.0,0.0, 0, 0,0.0
169,2015-01-28,1050848.0,N,ES,H, 33,2012-08-10, 0,     35, 1,,1.0,I,S,N,,KHE,N, 1,46,"""VALENCIA""", 0,55686.72,03 - UNIVERSITARIO,0.0,0.0,1.0,0.0,0.0,0.0,0.0,0.0,0.0,0.0,0.0,0.0,0.0,0.0,0.0,0.0,0.0,0.0,0.0,0.0,0.0, 0, 0,0.0
170,2015-01-28,1050851.0,N,ES,V, 24,2012-08-10, 0,     35, 1,,1.0,I,S,N,,KHE,N, 1,28,"""MADRID""", 0,43845.0,03 - UNIVERSITARIO,0.0,0.0,1.0,0.0,0.0,0.0,0.0,0.0,0.0,0.0,0.0,0.0,0.0,0.0,0.0,0.0,0.0,0.0,0.0,0.0,0.0, 0, 0,0.0
171,2015-01-28,1050852.0,N,ES,V, 26,2012-08-10, 0,     35, 1,,1.0,I,S,N,,KHE,N, 1,49,"""ZAMORA""", 0,89386.86,03 - UNIVERSITARIO,0.0,0.0,1.0,0.0,0.0,0.0,0.0,0.0,0.0,0.0,0.0,0.0,0.0,0.0,0.0,0.0,0.0,0.0,0.0,0.0,0.0, 0, 0,0.0
172,2015-01-28,1050854.0,N,ES,V, 23,2012-08-10, 0,     35, 1,,1.0,I,S,N,,KHE,N, 1,28,"""MADRID""", 0,115583.91,03 - UNIVERSITARIO,0.0,0.0,1.0,0.0,0.0,0.0,0.0,0.0,0.0,0.0,0.0,0.0,0.0,0.0,0.0,0.0,0.0,0.0,0.0,0.0,0.0, 0, 0,0.0
173,2015-01-28,1050855.0,N,ES,V, 30,2012-08-10, 0,     35, 1,,1.0,I,S,N,,KHE,N, 1,37,"""SALAMANCA""", 0,81308.45999999999,03 - UNIVERSITARIO,0.0,0.0,1.0,0.0,0.0,0.0,0.0,0.0,0.0,0.0,0.0,0.0,0.0,0.0,0.0,0.0,0.0,0.0,0.0,0.0,0.0, 0, 0,0.0
174,2015-01-28,1050857.0,N,ES,V, 23,2012-08-10, 0,     35, 1,,1.0,A,S,N,,KHE,N, 1,28,"""MADRID""", 1,640168.26,03 - UNIVERSITARIO,0.0,0.0,0.0,0.0,1.0,0.0,0.0,0.0,0.0,0.0,0.0,0.0,0.0,0.0,0.0,0.0,0.0,0.0,0.0,0.0,0.0, 0, 0,0.0
175,2015-01-28,1050859.0,N,ES,H, 23,2012-08-10, 0,     35, 1,,1.0,A,S,N,,KHE,N, 1,37,"""SALAMANCA""", 1,142219.8,03 - UNIVERSITARIO,0.0,0.0,1.0,0.0,0.0,0.0,0.0,0.0,0.0,0.0,0.0,0.0,0.0,0.0,0.0,0.0,0.0,0.0,0.0,0.0,0.0, 0, 0,0.0
176,2015-01-28,1050861.0,N,ES,H, 23,2012-08-10, 0,     35, 1,,1.0,I,S,N,,KHE,N, 1,39,"""CANTABRIA""", 0,,03 - UNIVERSITARIO,0.0,0.0,1.0,0.0,0.0,0.0,0.0,0.0,0.0,0.0,0.0,0.0,0.0,0.0,0.0,0.0,0.0,0.0,0.0,0.0,0.0, 0, 0,0.0
177,2015-01-28,1050862.0,N,ES,H, 23,2012-08-10, 0,     35, 1,,1.0,A,S,N,,KHE,N, 1,37,"""SALAMANCA""", 1,50577.66,03 - UNIVERSITARIO,0.0,0.0,1.0,0.0,0.0,0.0,0.0,0.0,0.0,0.0,0.0,0.0,0.0,0.0,0.0,0.0,0.0,0.0,0.0,0.0,0.0, 0, 0,0.0
178,2015-01-28,1050865.0,N,ES,V, 23,2012-08-10, 0,     35, 1,,1.0,I,S,N,,KHE,N, 1,28,"""MADRID""", 0,70577.61,03 - UNIVERSITARIO,0.0,0.0,1.0,0.0,0.0,0.0,0.0,0.0,0.0,0.0,0.0,0.0,0.0,0.0,0.0,0.0,0.0,0.0,0.0,0.0,0.0, 0, 0,0.0
179,2015-01-28,1050869.0,N,ES,V, 31,2012-08-10, 0,     35, 1,,1.0,A,S,S,,KHE,N, 1,28,"""MADRID""", 1,45758.82,03 - UNIVERSITARIO,0.0,0.0,0.0,0.0,1.0,0.0,0.0,0.0,0.0,0.0,0.0,0.0,1.0,0.0,0.0,0.0,0.0,0.0,0.0,0.0,0.0, 1, 1,1.0
180,2015-01-28,1050901.0,N,ES,H, 31,2012-08-10, 0,     35, 1,,1.0,I,S,N,,KHE,N, 1,46,"""VALENCIA""", 0,84510.09,03 - UNIVERSITARIO,0.0,0.0,1.0,0.0,0.0,0.0,0.0,0.0,0.0,0.0,0.0,0.0,0.0,0.0,0.0,0.0,0.0,0.0,0.0,0.0,0.0, 0, 0,0.0
181,2015-01-28,1050905.0,N,ES,V, 57,2012-08-10, 0,     35, 1,,1.0,I,S,N,,KHE,N, 1,46,"""VALENCIA""", 0,57926.16,02 - PARTICULARES,0.0,0.0,1.0,0.0,0.0,0.0,0.0,0.0,0.0,0.0,0.0,0.0,0.0,0.0,0.0,0.0,0.0,0.0,0.0,0.0,0.0, 0, 0,0.0
182,2015-01-28,1050927.0,N,ES,H, 32,2012-08-10, 0,     35, 1,,1.0,I,S,N,,KHE,N, 1,46,"""VALENCIA""", 0,195550.95,03 - UNIVERSITARIO,0.0,0.0,1.0,0.0,0.0,0.0,0.0,0.0,0.0,0.0,0.0,0.0,0.0,0.0,0.0,0.0,0.0,0.0,0.0,0.0,0.0, 0, 0,0.0
183,2015-01-28,1050930.0,N,ES,H, 36,2012-08-10, 0,     35, 1,,1.0,A,S,N,,KHE,N, 1,46,"""VALENCIA""", 1,88561.68000000002,02 - PARTICULARES,0.0,0.0,1.0,0.0,0.0,0.0,0.0,0.0,0.0,0.0,0.0,0.0,0.0,0.0,0.0,0.0,0.0,0.0,0.0,0.0,0.0, 0, 0,1.0
184,2015-01-28,1050931.0,N,ES,H, 25,2012-08-10, 0,     35, 1,,1.0,A,S,N,,KHE,N, 1,46,"""VALENCIA""", 1,,03 - UNIVERSITARIO,0.0,0.0,1.0,0.0,0.0,0.0,0.0,0.0,0.0,0.0,0.0,0.0,0.0,0.0,0.0,0.0,0.0,0.0,0.0,0.0,0.0, 0, 0,0.0
185,2015-01-28,1050932.0,N,ES,V, 26,2012-08-10, 0,     35, 1,,1.0,I,S,N,,KHE,N, 1,46,"""VALENCIA""", 0,44001.60000000001,03 - UNIVERSITARIO,0.0,0.0,1.0,0.0,0.0,0.0,0.0,0.0,0.0,0.0,0.0,0.0,0.0,0.0,0.0,0.0,0.0,0.0,0.0,0.0,0.0, 0, 0,0.0
186,2015-01-28,1050933.0,N,ES,H, 23,2012-08-10, 0,     35, 1,,1.0,I,S,N,,KHE,N, 1,46,"""VALENCIA""", 0,49700.76,03 - UNIVERSITARIO,0.0,0.0,1.0,0.0,0.0,0.0,0.0,0.0,0.0,0.0,0.0,0.0,0.0,0.0,0.0,0.0,0.0,0.0,0.0,0.0,0.0, 0, 0,0.0
187,2015-01-28,1050934.0,N,ES,H, 29,2012-08-10, 0,     35, 1,,1.0,I,S,N,,KHE,N, 1,46,"""VALENCIA""", 0,,03 - UNIVERSITARIO,0.0,0.0,1.0,0.0,0.0,0.0,0.0,0.0,0.0,0.0,0.0,0.0,0.0,0.0,0.0,0.0,0.0,0.0,0.0,0.0,0.0, 0, 0,0.0
188,2015-01-28,1050935.0,N,ES,V, 25,2012-08-10, 0,     35, 1,,1.0,I,S,N,,KHE,N, 1,46,"""VALENCIA""", 0,47843.46,03 - UNIVERSITARIO,0.0,0.0,1.0,0.0,0.0,0.0,0.0,0.0,0.0,0.0,0.0,0.0,0.0,0.0,0.0,0.0,0.0,0.0,0.0,0.0,0.0, 0, 0,0.0
189,2015-01-28,1050936.0,N,ES,V, 29,2012-08-10, 0,     35, 1,,1.0,I,S,N,,KHE,N, 1,46,"""VALENCIA""", 0,31697.07,03 - UNIVERSITARIO,0.0,0.0,1.0,0.0,0.0,0.0,0.0,0.0,0.0,0.0,0.0,0.0,0.0,0.0,0.0,0.0,0.0,0.0,0.0,0.0,0.0, 0, 0,0.0
190,2015-01-28,1050937.0,N,ES,V, 30,2012-08-10, 0,     35, 1,,1.0,I,S,N,,KHE,N, 1,46,"""VALENCIA""", 0,50423.58,03 - UNIVERSITARIO,0.0,0.0,1.0,0.0,0.0,0.0,0.0,0.0,0.0,0.0,0.0,0.0,0.0,0.0,0.0,0.0,0.0,0.0,0.0,0.0,0.0, 0, 0,0.0
191,2015-01-28,1050938.0,N,ES,V, 30,2012-08-10, 0,     35, 1,,1.0,I,S,N,,KHE,N, 1,46,"""VALENCIA""", 0,57371.76,03 - UNIVERSITARIO,0.0,0.0,1.0,0.0,0.0,0.0,0.0,0.0,0.0,0.0,0.0,0.0,0.0,0.0,0.0,0.0,0.0,0.0,0.0,0.0,0.0, 0, 0,0.0
192,2015-01-28,1050939.0,N,ES,H, 29,2012-08-10, 0,     35, 1,,1.0,I,S,N,,KHE,N, 1,46,"""VALENCIA""", 0,,03 - UNIVERSITARIO,0.0,0.0,1.0,0.0,0.0,0.0,0.0,0.0,0.0,0.0,0.0,0.0,0.0,0.0,0.0,0.0,0.0,0.0,0.0,0.0,0.0, 0, 0,0.0
193,2015-01-28,1050940.0,N,ES,H, 67,2012-08-10, 0,     35, 1,,1.0,I,S,N,,KHE,N, 1,46,"""VALENCIA""", 0,50423.58,02 - PARTICULARES,0.0,0.0,1.0,0.0,0.0,0.0,0.0,0.0,0.0,0.0,0.0,0.0,0.0,0.0,0.0,0.0,0.0,0.0,0.0,0.0,0.0, 0, 0,0.0
194,2015-01-28,1050941.0,N,ES,H, 55,2012-08-10, 0,     34, 1,,1.0,I,S,N,,KHE,N, 1,46,"""VALENCIA""", 0,57926.16,02 - PARTICULARES,0.0,0.0,1.0,0.0,0.0,0.0,0.0,0.0,0.0,0.0,0.0,0.0,0.0,0.0,0.0,0.0,0.0,0.0,0.0,0.0,0.0, 0, 0,0.0
195,2015-01-28,1050943.0,N,ES,H, 32,2012-08-10, 0,     35, 1,,1.0,I,S,N,,KHE,N, 1,46,"""VALENCIA""", 0,50423.58,03 - UNIVERSITARIO,0.0,0.0,1.0,0.0,0.0,0.0,0.0,0.0,0.0,0.0,0.0,0.0,0.0,0.0,0.0,0.0,0.0,0.0,0.0,0.0,0.0, 0, 0,0.0
196,2015-01-28,1050926.0,N,ES,H, 23,2012-08-10, 0,     35, 1,,1.0,A,S,N,,KHE,N, 1, 9,"""BURGOS""", 1,91258.47,03 - UNIVERSITARIO,0.0,0.0,1.0,0.0,0.0,0.0,0.0,0.0,0.0,0.0,0.0,0.0,0.0,0.0,0.0,0.0,0.0,0.0,0.0,0.0,0.0, 0, 0,1.0
197,2015-01-28,1050902.0,N,ES,H, 23,2012-08-10, 0,     35, 1,,1.0,A,S,N,,KHE,N, 1,10,"""CACERES""", 1,38074.32,03 - UNIVERSITARIO,0.0,0.0,1.0,0.0,0.0,0.0,0.0,0.0,0.0,0.0,0.0,0.0,0.0,0.0,0.0,0.0,0.0,0.0,0.0,0.0,0.0, 0, 0,0.0
198,2015-01-28,1050925.0,N,ES,H, 24,2012-08-10, 0,     35, 1,,1.0,I,S,S,,KHE,N, 1,28,"""MADRID""", 0,,03 - UNIVERSITARIO,0.0,0.0,1.0,0.0,0.0,0.0,0.0,0.0,0.0,0.0,0.0,0.0,0.0,0.0,0.0,0.0,0.0,0.0,0.0,0.0,0.0, 0, 0,0.0
199,2015-01-28,1050922.0,N,ES,H, 22,2012-08-10, 0,     35, 1,,1.0,I,S,N,,KHE,N, 1,28,"""MADRID""", 1,,03 - UNIVERSITARIO,0.0,0.0,1.0,0.0,0.0,0.0,0.0,0.0,0.0,0.0,0.0,0.0,0.0,0.0,0.0,0.0,0.0,0.0,0.0,0.0,0.0, 0, 0,0.0
